ocel_id;ocel_time;ocel_changed_field
hu1;2023-05-23 22:44:33;
hu2;2023-05-24 07:50:36;
hu6;2023-05-25 11:52:51;
hu4;2023-05-25 11:57:48;
hu7;2023-05-25 13:59:17;
hu14;2023-05-25 15:01:28;
hu11;2023-05-25 15:02:26;
hu5;2023-05-25 15:05:08;
hu10;2023-05-25 15:12:29;
hu3;2023-05-25 15:14:09;
hu8;2023-05-25 15:17:37;
hu12;2023-05-25 15:19:18;
hu13;2023-05-25 15:20:39;
hu9;2023-05-25 15:25:20;
hu17;2023-05-28 01:46:10;
hu20;2023-05-29 07:51:17;
hu34;2023-05-29 08:53:09;
hu32;2023-05-29 08:54:59;
hu37;2023-05-29 09:57:10;
hu25;2023-05-29 10:58:42;
hu15;2023-05-29 12:00:31;
hu18;2023-05-29 13:02:46;
hu35;2023-05-29 13:07:54;
hu28;2023-05-29 13:11:38;
hu33;2023-05-29 13:16:23;
hu36;2023-05-29 13:19:36;
hu24;2023-05-29 13:20:59;
hu31;2023-05-29 13:26:49;
hu21;2023-05-29 13:28:36;
hu19;2023-05-29 13:37:10;
hu29;2023-05-29 13:38:20;
hu26;2023-05-29 13:39:08;
hu22;2023-05-29 13:42:24;
hu38;2023-05-29 13:45:38;
hu30;2023-05-29 13:47:12;
hu23;2023-05-29 13:48:08;
hu27;2023-05-29 13:51:49;
hu16;2023-05-29 13:54:49;
hu39;2023-05-29 17:09:25;
hu40;2023-05-29 17:18:36;
hu44;2023-05-29 23:27:23;
hu41;2023-05-30 07:37:19;
hu46;2023-05-30 07:42:05;
hu43;2023-05-30 07:45:09;
hu42;2023-05-30 07:46:48;
hu45;2023-05-30 07:48:54;
hu51;2023-05-30 09:12:34;
hu49;2023-05-30 09:14:13;
hu47;2023-05-30 09:17:33;
hu48;2023-05-30 09:18:44;
hu50;2023-05-30 09:21:21;
hu52;2023-05-30 09:21:55;
hu56;2023-05-30 12:17:00;
hu58;2023-05-30 13:24:30;
hu57;2023-05-30 13:30:08;
hu55;2023-05-30 13:32:49;
hu60;2023-05-30 13:42:43;
hu53;2023-05-30 13:48:15;
hu61;2023-05-30 13:55:37;
hu63;2023-05-30 13:58:32;
hu62;2023-05-30 15:02:01;
hu54;2023-05-30 15:05:12;
hu59;2023-05-30 15:06:35;
hu65;2023-05-30 18:19:10;
hu64;2023-05-30 18:24:15;
hu66;2023-05-30 18:38:08;
hu69;2023-05-30 18:45:22;
hu68;2023-05-30 18:58:41;
hu73;2023-05-31 08:08:12;
hu72;2023-05-31 08:09:34;
hu67;2023-05-31 08:11:39;
hu75;2023-05-31 08:17:53;
hu70;2023-05-31 08:22:24;
hu74;2023-05-31 08:33:03;
hu71;2023-05-31 08:39:19;
hu76;2023-05-31 15:12:07;
hu78;2023-05-31 15:12:55;
hu79;2023-05-31 15:17:27;
hu77;2023-05-31 15:24:43;
hu82;2023-05-31 16:21:40;
hu84;2023-05-31 16:23:18;
hu83;2023-05-31 16:27:22;
hu85;2023-05-31 16:35:08;
hu80;2023-05-31 16:42:31;
hu81;2023-05-31 16:49:22;
hu91;2023-05-31 18:46:09;
hu95;2023-06-01 07:47:16;
hu89;2023-06-01 07:55:38;
hu98;2023-06-01 09:00:03;
hu101;2023-06-01 09:03:26;
hu93;2023-06-01 09:05:35;
hu102;2023-06-01 09:11:17;
hu99;2023-06-01 09:14:59;
hu92;2023-06-01 09:17:49;
hu94;2023-06-01 09:21:15;
hu87;2023-06-01 09:22:12;
hu100;2023-06-01 09:23:38;
hu88;2023-06-01 09:31:27;
hu97;2023-06-01 09:36:21;
hu86;2023-06-01 09:40:00;
hu103;2023-06-01 09:42:31;
hu96;2023-06-01 09:45:55;
hu90;2023-06-01 09:46:50;
hu104;2023-06-01 11:34:00;
hu105;2023-06-01 12:28:15;
hu109;2023-06-01 13:32:52;
hu108;2023-06-01 13:33:46;
hu106;2023-06-01 13:35:21;
hu110;2023-06-01 13:38:11;
hu107;2023-06-01 13:39:05;
hu113;2023-06-01 16:17:03;
hu111;2023-06-01 16:19:44;
hu112;2023-06-01 16:23:13;
hu117;2023-06-01 21:25:57;
hu122;2023-06-02 07:29:04;
hu123;2023-06-02 07:37:34;
hu121;2023-06-02 07:48:34;
hu115;2023-06-02 07:53:30;
hu120;2023-06-02 07:59:59;
hu125;2023-06-02 09:03:28;
hu119;2023-06-02 09:05:33;
hu116;2023-06-02 09:08:44;
hu114;2023-06-02 09:14:28;
hu124;2023-06-02 09:17:50;
hu118;2023-06-02 09:21:56;
hu129;2023-06-02 10:08:58;
hu128;2023-06-02 10:12:52;
hu131;2023-06-02 10:17:11;
hu126;2023-06-02 10:20:21;
hu130;2023-06-02 10:26:38;
hu127;2023-06-02 10:28:13;
hu134;2023-06-02 13:35:59;
hu132;2023-06-02 13:40:30;
hu136;2023-06-02 13:46:44;
hu137;2023-06-02 13:57:31;
hu135;2023-06-02 14:58:34;
hu133;2023-06-02 16:00:38;
hu139;2023-06-02 17:47:49;
hu140;2023-06-02 17:56:34;
hu138;2023-06-02 17:58:53;
hu142;2023-06-02 19:25:51;
hu149;2023-06-05 07:32:11;
hu145;2023-06-05 07:34:32;
hu153;2023-06-05 07:47:39;
hu148;2023-06-05 07:52:41;
hu156;2023-06-05 07:54:17;
hu165;2023-06-05 08:54:42;
hu147;2023-06-05 09:57:56;
hu144;2023-06-05 11:04:24;
hu159;2023-06-05 11:07:13;
hu158;2023-06-05 11:09:47;
hu150;2023-06-05 11:14:45;
hu162;2023-06-05 11:22:01;
hu161;2023-06-05 11:29:03;
hu155;2023-06-05 11:29:58;
hu160;2023-06-05 11:33:32;
hu166;2023-06-05 11:37:27;
hu154;2023-06-05 11:41:45;
hu170;2023-06-05 11:44:09;
hu152;2023-06-05 11:46:01;
hu173;2023-06-05 11:52:12;
hu146;2023-06-05 11:53:53;
hu157;2023-06-05 11:56:05;
hu151;2023-06-05 11:56:59;
hu143;2023-06-05 13:58:53;
hu168;2023-06-05 15:04:23;
hu180;2023-06-05 15:05:48;
hu186;2023-06-05 15:08:54;
hu182;2023-06-05 15:10:28;
hu188;2023-06-05 15:15:05;
hu189;2023-06-05 15:17:41;
hu184;2023-06-05 15:19:50;
hu175;2023-06-05 15:22:14;
hu141;2023-06-05 15:24:10;
hu174;2023-06-05 15:25:19;
hu177;2023-06-05 15:26:42;
hu167;2023-06-05 15:31:25;
hu190;2023-06-05 15:37:18;
hu172;2023-06-05 15:44:15;
hu183;2023-06-05 15:47:54;
hu192;2023-06-05 15:56:11;
hu193;2023-06-05 16:56:44;
hu196;2023-06-05 16:59:51;
hu181;2023-06-05 18:18:55;
hu198;2023-06-05 18:57:23;
hu163;2023-06-06 08:04:55;
hu194;2023-06-06 08:11:21;
hu197;2023-06-06 08:21:31;
hu185;2023-06-06 08:23:01;
hu176;2023-06-06 08:24:53;
hu178;2023-06-06 08:34:56;
hu191;2023-06-06 08:42:41;
hu164;2023-06-06 08:44:26;
hu171;2023-06-06 08:49:42;
hu195;2023-06-06 08:54:44;
hu199;2023-06-06 09:54:54;
hu201;2023-06-06 09:56:19;
hu187;2023-06-06 09:58:37;
hu204;2023-06-06 09:59:36;
hu209;2023-06-06 11:02:21;
hu179;2023-06-06 11:03:37;
hu200;2023-06-06 11:08:35;
hu206;2023-06-06 11:13:52;
hu214;2023-06-06 11:20:58;
hu203;2023-06-06 11:24:14;
hu210;2023-06-06 11:25:21;
hu202;2023-06-06 11:26:20;
hu212;2023-06-06 11:28:01;
hu216;2023-06-06 11:33:24;
hu208;2023-06-06 11:34:12;
hu215;2023-06-06 11:36:00;
hu211;2023-06-06 11:36:55;
hu207;2023-06-06 11:42:51;
hu213;2023-06-06 11:45:20;
hu217;2023-06-06 11:47:06;
hu221;2023-06-06 11:51:09;
hu218;2023-06-06 11:51:46;
hu219;2023-06-06 11:55:06;
hu222;2023-06-06 11:58:39;
hu225;2023-06-06 14:06:11;
hu227;2023-06-06 14:11:32;
hu169;2023-06-06 14:14:04;
hu229;2023-06-06 14:14:37;
hu228;2023-06-06 14:22:27;
hu205;2023-06-06 14:25:44;
hu220;2023-06-06 14:27:19;
hu224;2023-06-06 14:31:56;
hu231;2023-06-06 14:32:44;
hu226;2023-06-06 14:34:19;
hu223;2023-06-06 14:36:44;
hu235;2023-06-06 14:37:24;
hu234;2023-06-06 14:42:27;
hu236;2023-06-06 14:45:23;
hu239;2023-06-06 14:45:58;
hu241;2023-06-06 14:52:38;
hu245;2023-06-06 14:58:01;
hu240;2023-06-06 14:59:13;
hu238;2023-06-06 16:04:19;
hu246;2023-06-06 16:08:49;
hu242;2023-06-06 16:13:03;
hu237;2023-06-06 16:15:18;
hu233;2023-06-06 16:16:42;
hu230;2023-06-06 16:17:27;
hu243;2023-06-06 16:18:30;
hu244;2023-06-06 16:19:43;
hu232;2023-06-06 16:20:58;
hu247;2023-06-06 16:29:41;
hu248;2023-06-06 16:35:00;
hu253;2023-06-06 17:56:09;
hu254;2023-06-06 19:16:22;
hu260;2023-06-07 07:17:54;
hu256;2023-06-07 07:29:05;
hu250;2023-06-07 07:30:53;
hu249;2023-06-07 07:33:55;
hu252;2023-06-07 07:35:31;
hu259;2023-06-07 07:46:44;
hu251;2023-06-07 07:49:30;
hu255;2023-06-07 07:50:31;
hu257;2023-06-07 07:56:35;
hu258;2023-06-07 08:57:32;
hu265;2023-06-07 17:09:49;
hu261;2023-06-07 17:18:00;
hu266;2023-06-07 17:22:00;
hu263;2023-06-07 17:29:51;
hu264;2023-06-07 17:36:26;
hu262;2023-06-07 17:51:40;
hu271;2023-06-08 01:26:43;
hu269;2023-06-08 07:29:07;
hu270;2023-06-08 07:34:33;
hu267;2023-06-08 07:35:39;
hu268;2023-06-08 07:46:59;
hu272;2023-06-08 07:55:59;
hu274;2023-06-08 10:43:26;
hu277;2023-06-08 10:45:15;
hu275;2023-06-08 10:48:21;
hu273;2023-06-08 10:50:55;
hu278;2023-06-08 10:51:52;
hu276;2023-06-08 10:59:33;
hu280;2023-06-09 01:20:43;
hu294;2023-06-09 07:23:20;
hu290;2023-06-09 07:31:10;
hu298;2023-06-09 07:33:19;
hu306;2023-06-09 07:43:03;
hu293;2023-06-09 07:44:50;
hu302;2023-06-09 07:49:25;
hu287;2023-06-09 08:49:28;
hu299;2023-06-09 08:51:38;
hu281;2023-06-09 09:54:54;
hu308;2023-06-09 10:57:11;
hu286;2023-06-09 11:57:27;
hu305;2023-06-09 13:57:49;
hu300;2023-06-09 15:04:55;
hu297;2023-06-09 15:11:03;
hu310;2023-06-09 15:16:32;
hu295;2023-06-09 15:23:26;
hu279;2023-06-09 15:27:25;
hu292;2023-06-09 15:30:31;
hu309;2023-06-09 15:31:31;
hu282;2023-06-09 15:35:04;
hu296;2023-06-09 15:37:44;
hu313;2023-06-09 15:38:42;
hu303;2023-06-09 15:41:42;
hu283;2023-06-09 15:49:49;
hu289;2023-06-09 15:52:50;
hu311;2023-06-09 15:53:49;
hu284;2023-06-09 16:57:48;
hu285;2023-06-09 17:57:57;
hu291;2023-06-09 19:30:54;
hu314;2023-06-12 07:34:25;
hu318;2023-06-12 07:36:30;
hu316;2023-06-12 07:44:30;
hu301;2023-06-12 07:48:32;
hu315;2023-06-12 07:57:19;
hu312;2023-06-12 09:07:43;
hu323;2023-06-12 09:14:47;
hu307;2023-06-12 09:18:08;
hu324;2023-06-12 09:24:23;
hu317;2023-06-12 09:29:12;
hu319;2023-06-12 09:30:04;
hu322;2023-06-12 09:30:53;
hu331;2023-06-12 09:33:14;
hu321;2023-06-12 09:41:27;
hu329;2023-06-12 09:44:30;
hu328;2023-06-12 09:48:06;
hu333;2023-06-12 09:52:26;
hu327;2023-06-12 10:53:10;
hu332;2023-06-12 11:53:13;
hu326;2023-06-12 11:57:57;
hu334;2023-06-12 11:58:55;
hu304;2023-06-12 14:01:49;
hu330;2023-06-12 14:06:35;
hu325;2023-06-12 14:12:28;
hu288;2023-06-12 14:16:38;
hu338;2023-06-12 14:17:28;
hu339;2023-06-12 14:22:10;
hu335;2023-06-12 14:27:24;
hu340;2023-06-12 14:33:01;
hu343;2023-06-12 14:41:03;
hu336;2023-06-12 14:45:28;
hu344;2023-06-12 14:46:57;
hu342;2023-06-12 14:49:53;
hu351;2023-06-12 14:52:41;
hu346;2023-06-12 14:58:25;
hu355;2023-06-12 16:00:42;
hu341;2023-06-12 16:05:19;
hu358;2023-06-12 16:08:44;
hu320;2023-06-12 16:15:43;
hu354;2023-06-12 16:22:56;
hu337;2023-06-12 16:28:29;
hu347;2023-06-12 16:32:16;
hu350;2023-06-12 16:38:37;
hu360;2023-06-12 16:41:35;
hu363;2023-06-12 16:45:20;
hu345;2023-06-12 16:51:48;
hu373;2023-06-12 17:56:23;
hu359;2023-06-12 19:04:25;
hu357;2023-06-13 07:06:44;
hu369;2023-06-13 07:17:05;
hu361;2023-06-13 07:19:33;
hu356;2023-06-13 07:21:11;
hu368;2023-06-13 07:22:15;
hu365;2023-06-13 07:23:28;
hu353;2023-06-13 07:26:08;
hu371;2023-06-13 07:30:34;
hu378;2023-06-13 07:35:22;
hu377;2023-06-13 07:44:13;
hu381;2023-06-13 07:47:38;
hu379;2023-06-13 07:55:50;
hu366;2023-06-13 07:59:26;
hu364;2023-06-13 09:11:27;
hu367;2023-06-13 09:12:57;
hu349;2023-06-13 09:17:08;
hu383;2023-06-13 09:21:45;
hu352;2023-06-13 09:22:44;
hu370;2023-06-13 09:25:51;
hu385;2023-06-13 09:27:19;
hu372;2023-06-13 09:32:31;
hu374;2023-06-13 09:33:25;
hu362;2023-06-13 09:36:16;
hu348;2023-06-13 09:40:20;
hu382;2023-06-13 09:41:26;
hu386;2023-06-13 09:43:20;
hu384;2023-06-13 09:48:04;
hu376;2023-06-13 09:49:00;
hu380;2023-06-13 09:55:05;
hu387;2023-06-13 10:56:21;
hu375;2023-06-13 10:59:30;
hu392;2023-06-13 12:41:16;
hu389;2023-06-13 13:47:15;
hu393;2023-06-13 13:48:28;
hu388;2023-06-13 13:54:30;
hu396;2023-06-13 14:57:36;
hu398;2023-06-13 14:58:58;
hu395;2023-06-13 16:02:04;
hu394;2023-06-13 16:04:50;
hu390;2023-06-13 16:11:18;
hu399;2023-06-13 16:11:59;
hu391;2023-06-13 16:13:04;
hu397;2023-06-13 16:15:25;
hu405;2023-06-13 17:10:06;
hu400;2023-06-13 17:16:02;
hu406;2023-06-13 17:23:03;
hu411;2023-06-13 17:29:09;
hu401;2023-06-13 17:32:00;
hu407;2023-06-13 17:35:24;
hu412;2023-06-13 17:37:20;
hu410;2023-06-13 17:52:13;
hu413;2023-06-13 17:55:23;
hu404;2023-06-13 19:45:18;
hu416;2023-06-14 07:49:15;
hu408;2023-06-14 08:51:08;
hu414;2023-06-14 08:57:34;
hu417;2023-06-14 09:59:58;
hu424;2023-06-14 11:00:30;
hu422;2023-06-14 11:01:17;
hu402;2023-06-14 11:01:48;
hu415;2023-06-14 11:04:54;
hu425;2023-06-14 11:06:13;
hu420;2023-06-14 11:13:35;
hu419;2023-06-14 11:18:42;
hu427;2023-06-14 11:22:29;
hu426;2023-06-14 11:23:14;
hu418;2023-06-14 11:24:36;
hu403;2023-06-14 11:25:07;
hu430;2023-06-14 11:30:19;
hu429;2023-06-14 11:32:16;
hu409;2023-06-14 11:33:58;
hu428;2023-06-14 11:36:11;
hu431;2023-06-14 11:38:54;
hu432;2023-06-14 11:40:12;
hu423;2023-06-14 11:40:55;
hu421;2023-06-14 11:43:00;
hu435;2023-06-15 19:53:30;
hu441;2023-06-16 07:57:35;
hu440;2023-06-16 09:02:42;
hu434;2023-06-16 09:03:56;
hu446;2023-06-16 09:08:52;
hu443;2023-06-16 09:11:07;
hu448;2023-06-16 09:13:00;
hu444;2023-06-16 09:15:45;
hu433;2023-06-16 09:18:27;
hu447;2023-06-16 09:19:28;
hu437;2023-06-16 09:20:09;
hu442;2023-06-16 09:22:39;
hu445;2023-06-16 09:24:50;
hu439;2023-06-16 09:26:26;
hu436;2023-06-16 09:29:35;
hu438;2023-06-16 09:32:07;
hu450;2023-06-16 10:13:40;
hu453;2023-06-16 10:14:23;
hu454;2023-06-16 10:16:27;
hu451;2023-06-16 10:18:36;
hu452;2023-06-16 10:19:29;
hu449;2023-06-16 10:25:11;
hu457;2023-06-16 14:27:28;
hu455;2023-06-16 14:29:45;
hu456;2023-06-16 14:33:17;
hu458;2023-06-16 20:52:39;
hu466;2023-06-19 07:53:50;
hu478;2023-06-19 08:58:26;
hu460;2023-06-19 09:59:44;
hu491;2023-06-19 11:04:28;
hu470;2023-06-19 11:05:18;
hu467;2023-06-19 11:06:04;
hu475;2023-06-19 11:06:55;
hu492;2023-06-19 11:08:45;
hu490;2023-06-19 11:09:51;
hu461;2023-06-19 11:12:12;
hu464;2023-06-19 11:19:33;
hu463;2023-06-19 11:21:37;
hu481;2023-06-19 11:23:40;
hu473;2023-06-19 11:24:38;
hu486;2023-06-19 11:25:52;
hu487;2023-06-19 11:28:30;
hu471;2023-06-19 11:29:15;
hu483;2023-06-19 11:37:25;
hu462;2023-06-19 11:40:59;
hu488;2023-06-19 11:48:19;
hu459;2023-06-19 11:54:55;
hu469;2023-06-19 11:59:35;
hu468;2023-06-19 14:05:26;
hu484;2023-06-19 14:10:34;
hu480;2023-06-19 14:12:17;
hu476;2023-06-19 14:14:01;
hu477;2023-06-19 14:16:47;
hu485;2023-06-19 14:22:15;
hu482;2023-06-19 14:24:27;
hu472;2023-06-19 14:27:19;
hu489;2023-06-19 14:28:11;
hu479;2023-06-19 14:31:19;
hu465;2023-06-19 14:31:53;
hu474;2023-06-19 14:34:12;
hu493;2023-06-19 14:47:04;
hu498;2023-06-19 14:49:48;
hu496;2023-06-19 14:51:50;
hu495;2023-06-19 14:56:28;
hu497;2023-06-19 14:57:38;
hu499;2023-06-19 14:58:39;
hu519;2023-06-19 16:00:00;
hu505;2023-06-19 16:01:38;
hu515;2023-06-19 16:02:33;
hu510;2023-06-19 16:03:21;
hu507;2023-06-19 16:06:44;
hu512;2023-06-19 16:07:47;
hu520;2023-06-19 16:13:56;
hu517;2023-06-19 16:21:58;
hu509;2023-06-19 16:22:41;
hu502;2023-06-19 16:28:47;
hu516;2023-06-19 16:33:46;
hu506;2023-06-19 16:43:57;
hu522;2023-06-19 16:50:44;
hu494;2023-06-19 16:54:55;
hu508;2023-06-19 16:57:23;
hu514;2023-06-19 18:03:24;
hu521;2023-06-19 18:33:20;
hu513;2023-06-19 18:58:40;
hu501;2023-06-20 08:01:20;
hu511;2023-06-20 08:09:52;
hu503;2023-06-20 08:14:35;
hu518;2023-06-20 08:22:05;
hu500;2023-06-20 08:25:35;
hu504;2023-06-20 08:28:59;
hu526;2023-06-20 08:38:57;
hu524;2023-06-20 08:47:07;
hu533;2023-06-20 08:52:03;
hu538;2023-06-20 09:55:07;
hu534;2023-06-20 09:57:15;
hu540;2023-06-20 09:57:50;
hu528;2023-06-20 10:58:31;
hu530;2023-06-20 11:59:52;
hu539;2023-06-20 14:02:09;
hu525;2023-06-20 14:02:44;
hu537;2023-06-20 14:07:59;
hu523;2023-06-20 14:15:26;
hu532;2023-06-20 14:17:45;
hu535;2023-06-20 14:20:10;
hu529;2023-06-20 14:20:44;
hu527;2023-06-20 14:28:28;
hu531;2023-06-20 14:32:40;
hu536;2023-06-20 14:40:01;
hu541;2023-06-20 17:15:53;
hu545;2023-06-20 19:19:16;
hu544;2023-06-21 07:20:48;
hu542;2023-06-21 07:36:05;
hu547;2023-06-21 07:48:09;
hu546;2023-06-21 07:49:41;
hu543;2023-06-21 07:52:03;
hu550;2023-06-21 08:25:37;
hu553;2023-06-21 08:29:14;
hu551;2023-06-21 08:31:42;
hu549;2023-06-21 08:42:57;
hu548;2023-06-21 08:45:30;
hu552;2023-06-21 08:48:29;
hu555;2023-06-21 09:48:50;
hu554;2023-06-21 09:50:08;
hu559;2023-06-21 09:50:43;
hu558;2023-06-21 09:51:52;
hu557;2023-06-21 09:52:27;
hu556;2023-06-21 09:53:39;
hu561;2023-06-21 12:54:05;
hu560;2023-06-21 13:58:03;
hu565;2023-06-21 20:55:59;
hu576;2023-06-22 08:02:00;
hu578;2023-06-22 08:07:13;
hu572;2023-06-22 08:09:17;
hu574;2023-06-22 08:18:05;
hu579;2023-06-22 08:28:01;
hu568;2023-06-22 08:32:28;
hu569;2023-06-22 08:34:22;
hu566;2023-06-22 08:40:46;
hu575;2023-06-22 08:48:43;
hu570;2023-06-22 08:50:45;
hu583;2023-06-22 08:56:03;
hu584;2023-06-22 09:56:21;
hu587;2023-06-22 10:59:34;
hu585;2023-06-22 12:03:42;
hu573;2023-06-22 13:06:03;
hu563;2023-06-22 13:06:53;
hu580;2023-06-22 13:08:02;
hu562;2023-06-22 13:15:02;
hu571;2023-06-22 13:20:06;
hu581;2023-06-22 13:21:13;
hu582;2023-06-22 13:22:50;
hu577;2023-06-22 13:23:57;
hu564;2023-06-22 13:29:18;
hu586;2023-06-22 13:31:06;
hu567;2023-06-22 13:35:10;
hu590;2023-06-22 14:21:28;
hu588;2023-06-22 14:23:10;
hu589;2023-06-22 14:25:18;
hu596;2023-06-23 02:01:42;
hu599;2023-06-23 07:09:26;
hu594;2023-06-23 07:17:25;
hu593;2023-06-23 07:18:45;
hu592;2023-06-23 07:22:25;
hu598;2023-06-23 07:24:27;
hu595;2023-06-23 07:34:21;
hu601;2023-06-23 07:35:41;
hu605;2023-06-23 07:50:40;
hu607;2023-06-23 07:54:57;
hu606;2023-06-23 08:56:47;
hu591;2023-06-23 10:00:13;
hu604;2023-06-23 10:02:02;
hu608;2023-06-23 10:03:52;
hu597;2023-06-23 10:10:14;
hu602;2023-06-23 10:12:11;
hu603;2023-06-23 10:13:38;
hu600;2023-06-23 10:15:07;
hu609;2023-06-23 11:08:47;
hu611;2023-06-23 11:12:19;
hu613;2023-06-23 11:15:30;
hu610;2023-06-23 11:23:25;
hu612;2023-06-23 11:24:20;
hu614;2023-06-23 11:29:58;
hu616;2023-06-23 12:32:25;
hu618;2023-06-23 13:37:37;
hu617;2023-06-23 13:38:46;
hu619;2023-06-23 13:41:27;
hu615;2023-06-23 13:50:09;
hu620;2023-06-23 13:52:40;
hu622;2023-06-23 19:32:25;
hu648;2023-06-26 07:36:46;
hu643;2023-06-26 07:39:59;
hu634;2023-06-26 07:50:26;
hu629;2023-06-26 07:56:13;
hu646;2023-06-26 08:59:57;
hu636;2023-06-26 10:00:49;
hu633;2023-06-26 10:03:42;
hu630;2023-06-26 10:04:32;
hu645;2023-06-26 10:05:23;
hu621;2023-06-26 10:11:24;
hu635;2023-06-26 10:12:09;
hu626;2023-06-26 10:13:06;
hu639;2023-06-26 10:18:39;
hu641;2023-06-26 10:19:34;
hu623;2023-06-26 10:20:51;
hu642;2023-06-26 10:22:37;
hu631;2023-06-26 10:25:35;
hu638;2023-06-26 10:30:24;
hu644;2023-06-26 10:34:14;
hu637;2023-06-26 10:35:48;
hu632;2023-06-26 10:38:31;
hu625;2023-06-26 10:41:21;
hu627;2023-06-26 10:43:44;
hu640;2023-06-26 10:46:46;
hu628;2023-06-26 10:52:32;
hu624;2023-06-26 10:53:28;
hu652;2023-06-26 10:56:43;
hu654;2023-06-26 10:59:05;
hu649;2023-06-26 11:59:39;
hu657;2023-06-26 14:00:45;
hu662;2023-06-26 14:02:31;
hu658;2023-06-26 14:04:37;
hu647;2023-06-26 14:05:12;
hu660;2023-06-26 14:08:43;
hu668;2023-06-26 14:09:22;
hu667;2023-06-26 14:10:16;
hu661;2023-06-26 14:10:53;
hu659;2023-06-26 14:13:25;
hu664;2023-06-26 14:21:36;
hu655;2023-06-26 14:27:22;
hu650;2023-06-26 14:31:28;
hu651;2023-06-26 14:38:43;
hu666;2023-06-26 14:47:14;
hu656;2023-06-26 14:52:43;
hu678;2023-06-26 14:56:10;
hu673;2023-06-26 14:58:10;
hu683;2023-06-26 15:58:15;
hu671;2023-06-26 17:04:09;
hu674;2023-06-26 17:11:56;
hu679;2023-06-26 17:14:16;
hu684;2023-06-26 17:18:28;
hu672;2023-06-26 17:28:55;
hu663;2023-06-26 17:37:15;
hu685;2023-06-26 17:43:12;
hu675;2023-06-26 17:47:25;
hu687;2023-06-26 17:54:55;
hu686;2023-06-26 19:31:43;
hu680;2023-06-27 07:40:10;
hu653;2023-06-27 07:42:35;
hu688;2023-06-27 07:44:25;
hu681;2023-06-27 07:45:57;
hu677;2023-06-27 07:56:14;
hu689;2023-06-27 09:01:58;
hu665;2023-06-27 09:03:53;
hu676;2023-06-27 09:07:26;
hu696;2023-06-27 09:09:33;
hu691;2023-06-27 09:11:02;
hu690;2023-06-27 09:12:58;
hu682;2023-06-27 09:16:11;
hu693;2023-06-27 09:19:54;
hu695;2023-06-27 09:22:07;
hu697;2023-06-27 09:26:34;
hu669;2023-06-27 09:30:51;
hu698;2023-06-27 09:34:45;
hu699;2023-06-27 09:38:21;
hu701;2023-06-27 09:39:48;
hu700;2023-06-27 09:40:37;
hu703;2023-06-27 09:41:30;
hu702;2023-06-27 09:45:50;
hu692;2023-06-27 09:46:53;
hu670;2023-06-27 09:48:09;
hu694;2023-06-27 09:53:57;
hu704;2023-06-27 09:59:42;
hu705;2023-06-27 11:03:18;
hu721;2023-06-27 11:06:00;
hu727;2023-06-27 11:07:15;
hu735;2023-06-27 11:14:07;
hu710;2023-06-27 11:14:54;
hu732;2023-06-27 11:20:13;
hu728;2023-06-27 11:21:25;
hu722;2023-06-27 11:26:28;
hu730;2023-06-27 11:29:29;
hu725;2023-06-27 11:31:31;
hu724;2023-06-27 11:35:55;
hu717;2023-06-27 11:39:20;
hu707;2023-06-27 11:40:02;
hu726;2023-06-27 11:47:00;
hu720;2023-06-27 11:48:07;
hu731;2023-06-27 11:51:27;
hu733;2023-06-27 11:54:43;
hu734;2023-06-27 11:56:09;
hu716;2023-06-27 11:58:00;
hu708;2023-06-27 14:03:27;
hu714;2023-06-27 14:04:23;
hu706;2023-06-27 14:05:02;
hu723;2023-06-27 14:10:03;
hu715;2023-06-27 14:14:26;
hu719;2023-06-27 14:16:59;
hu713;2023-06-27 14:17:33;
hu711;2023-06-27 14:19:20;
hu709;2023-06-27 14:20:48;
hu718;2023-06-27 14:25:29;
hu729;2023-06-27 14:27:41;
hu712;2023-06-27 14:28:17;
hu740;2023-06-27 14:30:32;
hu736;2023-06-27 14:31:46;
hu738;2023-06-27 14:32:31;
hu737;2023-06-27 14:37:46;
hu739;2023-06-27 14:39:19;
hu744;2023-06-27 14:45:06;
hu745;2023-06-27 14:45:38;
hu743;2023-06-27 14:50:14;
hu742;2023-06-27 14:51:26;
hu741;2023-06-27 14:56:36;
hu747;2023-06-27 15:58:22;
hu746;2023-06-27 15:58:56;
hu752;2023-06-27 20:10:34;
hu750;2023-06-28 07:25:00;
hu749;2023-06-28 07:27:51;
hu763;2023-06-28 07:34:18;
hu769;2023-06-28 07:43:50;
hu762;2023-06-28 07:47:33;
hu753;2023-06-28 07:51:23;
hu768;2023-06-28 07:52:30;
hu751;2023-06-28 07:56:47;
hu760;2023-06-28 07:58:02;
hu758;2023-06-28 08:59:07;
hu756;2023-06-28 10:04:35;
hu755;2023-06-28 10:05:06;
hu748;2023-06-28 10:11:20;
hu765;2023-06-28 10:17:27;
hu764;2023-06-28 10:20:40;
hu759;2023-06-28 10:24:31;
hu767;2023-06-28 10:25:50;
hu757;2023-06-28 10:28:08;
hu766;2023-06-28 10:33:55;
hu754;2023-06-28 10:41:12;
hu761;2023-06-28 10:46:31;
hu770;2023-06-28 10:49:22;
hu771;2023-06-28 10:54:56;
hu775;2023-06-28 11:41:28;
hu773;2023-06-28 11:42:27;
hu774;2023-06-28 11:49:13;
hu772;2023-06-28 11:49:44;
hu776;2023-06-28 11:52:54;
hu777;2023-06-28 11:57:43;
hu781;2023-06-28 16:13:47;
hu778;2023-06-28 16:22:20;
hu780;2023-06-28 16:23:35;
hu779;2023-06-28 16:26:26;
hu782;2023-06-28 16:27:40;
hu783;2023-06-28 16:31:57;
hu788;2023-06-29 23:43:30;
hu790;2023-06-30 07:46:35;
hu786;2023-06-30 07:48:16;
hu784;2023-06-30 07:56:05;
hu787;2023-06-30 07:58:40;
hu793;2023-06-30 09:03:53;
hu789;2023-06-30 09:05:38;
hu791;2023-06-30 09:11:21;
hu785;2023-06-30 09:19:00;
hu792;2023-06-30 09:22:30;
hu799;2023-06-30 10:18:23;
hu795;2023-06-30 10:19:01;
hu798;2023-06-30 10:27:03;
hu797;2023-06-30 10:30:39;
hu794;2023-06-30 10:32:57;
hu796;2023-06-30 10:36:45;
hu802;2023-06-30 14:18:28;
hu801;2023-06-30 14:20:30;
hu805;2023-06-30 14:21:58;
hu800;2023-06-30 14:25:23;
hu803;2023-06-30 14:28:27;
hu804;2023-06-30 14:31:10;
hu808;2023-06-30 17:51:06;
hu807;2023-06-30 19:41:00;
hu818;2023-07-03 07:53:36;
hu831;2023-07-03 09:10:44;
hu835;2023-07-03 09:15:54;
hu814;2023-07-03 09:23:11;
hu834;2023-07-03 09:27:29;
hu813;2023-07-03 09:31:19;
hu827;2023-07-03 09:33:44;
hu839;2023-07-03 09:39:22;
hu829;2023-07-03 09:41:11;
hu822;2023-07-03 09:46:02;
hu830;2023-07-03 09:54:24;
hu820;2023-07-03 09:55:47;
hu809;2023-07-03 10:58:11;
hu824;2023-07-03 12:03:38;
hu819;2023-07-03 13:10:43;
hu837;2023-07-03 13:15:51;
hu821;2023-07-03 13:18:22;
hu836;2023-07-03 13:26:46;
hu825;2023-07-03 13:37:11;
hu828;2023-07-03 13:40:05;
hu811;2023-07-03 13:47:31;
hu826;2023-07-03 13:53:41;
hu816;2023-07-03 13:55:29;
hu841;2023-07-03 13:57:39;
hu832;2023-07-03 15:06:27;
hu840;2023-07-03 15:08:13;
hu838;2023-07-03 15:18:08;
hu812;2023-07-03 15:29:08;
hu815;2023-07-03 15:32:17;
hu823;2023-07-03 15:36:45;
hu806;2023-07-03 15:38:42;
hu810;2023-07-03 15:43:17;
hu843;2023-07-03 15:52:20;
hu844;2023-07-03 16:54:09;
hu847;2023-07-03 18:11:45;
hu849;2023-07-03 18:25:21;
hu848;2023-07-04 07:28:28;
hu833;2023-07-04 07:32:55;
hu851;2023-07-04 07:47:44;
hu817;2023-07-04 07:51:28;
hu845;2023-07-04 08:52:51;
hu865;2023-07-04 09:57:12;
hu855;2023-07-04 09:58:26;
hu874;2023-07-04 11:01:17;
hu862;2023-07-04 11:02:45;
hu871;2023-07-04 11:08:42;
hu873;2023-07-04 11:09:50;
hu866;2023-07-04 11:11:57;
hu867;2023-07-04 11:16:07;
hu859;2023-07-04 11:27:31;
hu872;2023-07-04 11:37:03;
hu846;2023-07-04 11:44:44;
hu861;2023-07-04 11:46:22;
hu854;2023-07-04 11:49:05;
hu870;2023-07-04 11:53:27;
hu864;2023-07-04 11:55:08;
hu858;2023-07-04 11:56:58;
hu850;2023-07-04 11:58:41;
hu853;2023-07-04 14:06:06;
hu856;2023-07-04 14:08:06;
hu852;2023-07-04 14:12:20;
hu876;2023-07-04 14:16:37;
hu842;2023-07-04 14:18:31;
hu875;2023-07-04 14:20:02;
hu860;2023-07-04 14:21:25;
hu857;2023-07-04 14:28:39;
hu869;2023-07-04 14:31:59;
hu863;2023-07-04 14:34:01;
hu868;2023-07-04 14:38:33;
hu881;2023-07-04 14:40:51;
hu882;2023-07-04 14:42:16;
hu880;2023-07-04 14:50:05;
hu878;2023-07-04 14:51:58;
hu889;2023-07-04 15:52:39;
hu895;2023-07-04 15:55:29;
hu885;2023-07-04 16:55:56;
hu877;2023-07-04 16:58:50;
hu892;2023-07-04 18:01:42;
hu899;2023-07-04 18:51:24;
hu907;2023-07-05 07:57:24;
hu888;2023-07-05 09:13:55;
hu906;2023-07-05 09:22:21;
hu901;2023-07-05 09:30:42;
hu893;2023-07-05 09:35:35;
hu905;2023-07-05 09:41:55;
hu886;2023-07-05 09:44:24;
hu897;2023-07-05 09:48:26;
hu896;2023-07-05 09:55:04;
hu894;2023-07-05 10:59:39;
hu908;2023-07-05 12:08:23;
hu884;2023-07-05 13:11:20;
hu902;2023-07-05 13:15:28;
hu883;2023-07-05 13:24:23;
hu879;2023-07-05 13:29:46;
hu900;2023-07-05 13:37:17;
hu898;2023-07-05 13:39:37;
hu903;2023-07-05 13:51:56;
hu887;2023-07-05 13:57:40;
hu911;2023-07-05 15:03:52;
hu913;2023-07-05 15:08:31;
hu904;2023-07-05 15:11:34;
hu890;2023-07-05 15:16:15;
hu910;2023-07-05 15:20:14;
hu891;2023-07-05 15:24:39;
hu912;2023-07-05 15:28:25;
hu909;2023-07-05 15:35:19;
hu916;2023-07-05 20:10:05;
hu940;2023-07-06 07:15:27;
hu933;2023-07-06 07:26:48;
hu922;2023-07-06 07:28:38;
hu934;2023-07-06 07:34:38;
hu936;2023-07-06 07:49:40;
hu917;2023-07-06 08:58:35;
hu918;2023-07-06 10:07:39;
hu929;2023-07-06 10:13:44;
hu924;2023-07-06 10:17:45;
hu932;2023-07-06 10:25:56;
hu928;2023-07-06 10:26:51;
hu931;2023-07-06 10:29:59;
hu920;2023-07-06 10:33:32;
hu923;2023-07-06 10:36:34;
hu926;2023-07-06 10:37:59;
hu915;2023-07-06 10:40:13;
hu927;2023-07-06 10:41:18;
hu938;2023-07-06 10:42:37;
hu921;2023-07-06 10:43:58;
hu919;2023-07-06 10:46:42;
hu914;2023-07-06 10:57:43;
hu939;2023-07-06 12:02:55;
hu941;2023-07-06 13:06:35;
hu930;2023-07-06 13:09:34;
hu925;2023-07-06 13:17:37;
hu935;2023-07-06 13:19:48;
hu937;2023-07-06 13:21:00;
hu944;2023-07-06 14:03:27;
hu946;2023-07-06 14:06:48;
hu945;2023-07-06 14:07:49;
hu947;2023-07-06 14:08:35;
hu943;2023-07-06 14:12:45;
hu942;2023-07-06 14:13:34;
hu949;2023-07-06 17:39:48;
hu948;2023-07-06 17:45:20;
hu955;2023-07-06 19:19:37;
hu967;2023-07-07 07:41:35;
hu962;2023-07-07 07:47:30;
hu954;2023-07-07 08:50:53;
hu950;2023-07-07 08:56:17;
hu956;2023-07-07 09:58:00;
hu964;2023-07-07 11:02:18;
hu969;2023-07-07 11:04:53;
hu960;2023-07-07 11:09:42;
hu952;2023-07-07 11:16:31;
hu959;2023-07-07 11:23:34;
hu965;2023-07-07 11:24:35;
hu958;2023-07-07 11:28:00;
hu957;2023-07-07 11:29:00;
hu970;2023-07-07 11:35:46;
hu951;2023-07-07 11:40:02;
hu968;2023-07-07 11:51:17;
hu971;2023-07-07 11:52:20;
hu961;2023-07-07 11:57:19;
hu963;2023-07-07 14:02:45;
hu953;2023-07-07 14:03:53;
hu966;2023-07-07 14:10:27;
hu977;2023-07-07 17:36:11;
hu972;2023-07-07 17:39:34;
hu973;2023-07-07 17:44:37;
hu989;2023-07-10 07:46:04;
hu1001;2023-07-10 07:49:38;
hu988;2023-07-10 08:58:20;
hu997;2023-07-10 09:59:29;
hu991;2023-07-10 11:00:34;
hu1002;2023-07-10 11:03:29;
hu987;2023-07-10 11:08:22;
hu975;2023-07-10 11:13:42;
hu984;2023-07-10 11:19:40;
hu982;2023-07-10 11:24:44;
hu974;2023-07-10 11:33:07;
hu978;2023-07-10 11:37:07;
hu1007;2023-07-10 11:47:41;
hu994;2023-07-10 11:58:58;
hu980;2023-07-10 14:06:57;
hu981;2023-07-10 14:14:22;
hu1003;2023-07-10 14:16:36;
hu999;2023-07-10 14:18:28;
hu996;2023-07-10 14:24:19;
hu986;2023-07-10 14:29:31;
hu995;2023-07-10 14:32:33;
hu983;2023-07-10 14:40:27;
hu1008;2023-07-10 14:50:19;
hu993;2023-07-10 14:53:20;
hu998;2023-07-10 14:54:26;
hu976;2023-07-10 14:55:20;
hu1006;2023-07-10 15:56:42;
hu1004;2023-07-10 15:59:58;
hu979;2023-07-10 17:04:11;
hu1000;2023-07-10 17:09:56;
hu990;2023-07-10 17:16:27;
hu992;2023-07-10 17:27:50;
hu985;2023-07-10 17:48:07;
hu1005;2023-07-10 17:57:25;
hu1009;2023-07-10 19:28:41;
hu1010;2023-07-11 07:31:02;
hu1018;2023-07-11 07:42:13;
hu1013;2023-07-11 07:58:39;
hu1026;2023-07-11 09:06:34;
hu1021;2023-07-11 09:09:01;
hu1033;2023-07-11 09:11:30;
hu1038;2023-07-11 09:12:35;
hu1028;2023-07-11 09:17:36;
hu1019;2023-07-11 09:20:55;
hu1023;2023-07-11 09:31:46;
hu1030;2023-07-11 09:34:49;
hu1017;2023-07-11 09:42:29;
hu1035;2023-07-11 09:44:25;
hu1027;2023-07-11 09:48:49;
hu1024;2023-07-11 09:50:51;
hu1037;2023-07-11 09:52:30;
hu1025;2023-07-11 10:53:00;
hu1043;2023-07-11 10:54:34;
hu1016;2023-07-11 11:56:51;
hu1042;2023-07-11 11:59:06;
hu1041;2023-07-11 14:01:06;
hu1014;2023-07-11 14:07:04;
hu1034;2023-07-11 14:17:20;
hu1031;2023-07-11 14:21:26;
hu1029;2023-07-11 14:23:07;
hu1022;2023-07-11 14:25:33;
hu1039;2023-07-11 14:26:23;
hu1020;2023-07-11 14:28:51;
hu1015;2023-07-11 14:33:56;
hu1040;2023-07-11 14:35:21;
hu1011;2023-07-11 14:39:06;
hu1049;2023-07-11 14:46:51;
hu1045;2023-07-11 14:50:59;
hu1032;2023-07-11 14:53:42;
hu1051;2023-07-11 14:58:35;
hu1048;2023-07-11 15:59:19;
hu1055;2023-07-11 16:59:35;
hu1059;2023-07-11 18:26:40;
hu1056;2023-07-11 18:53:18;
hu1061;2023-07-12 08:06:39;
hu1058;2023-07-12 08:12:51;
hu1063;2023-07-12 08:18:40;
hu1047;2023-07-12 08:20:07;
hu1054;2023-07-12 08:27:50;
hu1052;2023-07-12 08:33:46;
hu1062;2023-07-12 08:49:05;
hu1036;2023-07-12 08:58:04;
hu1044;2023-07-12 08:59:58;
hu1012;2023-07-12 10:10:50;
hu1053;2023-07-12 10:12:40;
hu1060;2023-07-12 10:15:00;
hu1050;2023-07-12 10:16:55;
hu1046;2023-07-12 10:23:20;
hu1070;2023-07-12 10:24:06;
hu1066;2023-07-12 10:28:53;
hu1074;2023-07-12 10:33:48;
hu1082;2023-07-12 10:41:01;
hu1080;2023-07-12 10:43:39;
hu1081;2023-07-12 10:50:27;
hu1072;2023-07-12 10:54:54;
hu1065;2023-07-12 10:56:48;
hu1075;2023-07-12 11:57:29;
hu1057;2023-07-12 13:57:55;
hu1076;2023-07-12 15:00:10;
hu1077;2023-07-12 15:06:01;
hu1084;2023-07-12 15:07:04;
hu1071;2023-07-12 15:09:20;
hu1073;2023-07-12 15:10:04;
hu1085;2023-07-12 15:11:32;
hu1079;2023-07-12 15:19:50;
hu1068;2023-07-12 15:23:33;
hu1083;2023-07-12 15:25:37;
hu1088;2023-07-12 15:34:09;
hu1086;2023-07-12 15:41:18;
hu1067;2023-07-12 15:43:11;
hu1078;2023-07-12 15:54:21;
hu1095;2023-07-12 15:56:27;
hu1089;2023-07-12 15:57:43;
hu1090;2023-07-12 16:59:29;
hu1092;2023-07-12 18:01:27;
hu1098;2023-07-13 07:05:55;
hu1099;2023-07-13 07:08:42;
hu1069;2023-07-13 07:27:17;
hu1094;2023-07-13 07:34:37;
hu1100;2023-07-13 07:46:33;
hu1102;2023-07-13 08:53:57;
hu1109;2023-07-13 09:56:50;
hu1097;2023-07-13 10:56:59;
hu1104;2023-07-13 10:58:11;
hu1113;2023-07-13 10:59:37;
hu1103;2023-07-13 12:06:54;
hu1096;2023-07-13 13:11:23;
hu1110;2023-07-13 13:14:09;
hu1107;2023-07-13 13:20:21;
hu1108;2023-07-13 13:21:30;
hu1115;2023-07-13 13:22:46;
hu1064;2023-07-13 13:31:58;
hu1114;2023-07-13 13:33:37;
hu1101;2023-07-13 13:37:45;
hu1111;2023-07-13 13:45:03;
hu1093;2023-07-13 13:49:07;
hu1087;2023-07-13 13:50:35;
hu1106;2023-07-13 13:53:07;
hu1105;2023-07-13 13:58:20;
hu1126;2023-07-13 15:00:11;
hu1117;2023-07-13 15:02:47;
hu1116;2023-07-13 15:12:44;
hu1123;2023-07-13 15:18:56;
hu1124;2023-07-13 15:21:39;
hu1112;2023-07-13 15:25:12;
hu1122;2023-07-13 15:30:14;
hu1120;2023-07-13 15:31:51;
hu1119;2023-07-13 15:32:50;
hu1118;2023-07-13 15:35:37;
hu1125;2023-07-13 15:44:28;
hu1133;2023-07-13 15:48:01;
hu1091;2023-07-13 15:49:02;
hu1139;2023-07-13 15:50:25;
hu1127;2023-07-13 15:56:25;
hu1138;2023-07-13 15:58:38;
hu1142;2023-07-13 17:01:49;
hu1121;2023-07-13 17:05:30;
hu1129;2023-07-13 17:31:20;
hu1143;2023-07-13 17:44:19;
hu1135;2023-07-13 17:49:50;
hu1141;2023-07-13 18:56:30;
hu1130;2023-07-14 07:57:44;
hu1140;2023-07-14 09:03:17;
hu1156;2023-07-14 09:07:16;
hu1128;2023-07-14 09:09:03;
hu1153;2023-07-14 09:13:03;
hu1151;2023-07-14 09:20:40;
hu1132;2023-07-14 09:25:55;
hu1137;2023-07-14 09:30:28;
hu1145;2023-07-14 09:32:33;
hu1148;2023-07-14 09:41:57;
hu1157;2023-07-14 09:56:09;
hu1159;2023-07-14 11:04:17;
hu1161;2023-07-14 11:13:05;
hu1152;2023-07-14 11:17:54;
hu1162;2023-07-14 11:19:49;
hu1158;2023-07-14 11:23:12;
hu1160;2023-07-14 11:31:06;
hu1146;2023-07-14 11:35:50;
hu1154;2023-07-14 11:47:29;
hu1149;2023-07-14 11:51:19;
hu1150;2023-07-14 11:55:13;
hu1131;2023-07-14 14:00:59;
hu1134;2023-07-14 14:04:48;
hu1155;2023-07-14 14:11:32;
hu1147;2023-07-14 14:15:31;
hu1144;2023-07-14 14:20:04;
hu1163;2023-07-14 14:23:08;
hu1136;2023-07-14 14:31:06;
hu1165;2023-07-14 14:37:38;
hu1167;2023-07-14 14:44:45;
hu1166;2023-07-14 14:46:03;
hu1164;2023-07-14 14:52:25;
hu1168;2023-07-14 14:55:52;
hu1173;2023-07-14 15:30:55;
hu1169;2023-07-14 15:32:59;
hu1170;2023-07-14 15:36:10;
hu1172;2023-07-14 15:37:53;
hu1171;2023-07-14 15:43:44;
hu1174;2023-07-14 15:46:12;
hu1179;2023-07-14 16:03:52;
hu1180;2023-07-14 16:07:33;
hu1175;2023-07-14 16:09:29;
hu1178;2023-07-14 16:12:54;
hu1177;2023-07-14 16:14:10;
hu1176;2023-07-14 16:22:04;
hu1181;2023-07-14 16:26:41;
hu1182;2023-07-14 16:36:03;
hu1185;2023-07-14 16:40:57;
hu1186;2023-07-14 16:52:15;
hu1184;2023-07-14 18:10:22;
hu1190;2023-07-17 07:18:03;
hu1193;2023-07-17 07:26:00;
hu1200;2023-07-17 07:40:54;
hu1189;2023-07-17 07:44:07;
hu1197;2023-07-17 07:49:20;
hu1183;2023-07-17 07:53:49;
hu1194;2023-07-17 09:01:26;
hu1198;2023-07-17 09:06:20;
hu1199;2023-07-17 09:16:02;
hu1201;2023-07-17 09:19:09;
hu1192;2023-07-17 09:23:28;
hu1205;2023-07-17 09:28:39;
hu1203;2023-07-17 09:38:44;
hu1191;2023-07-17 09:45:36;
hu1206;2023-07-17 09:49:52;
hu1195;2023-07-17 09:51:23;
hu1207;2023-07-17 09:59:54;
hu1213;2023-07-17 11:01:04;
hu1188;2023-07-17 11:04:34;
hu1187;2023-07-17 11:10:28;
hu1210;2023-07-17 11:20:12;
hu1211;2023-07-17 11:24:05;
hu1204;2023-07-17 11:30:01;
hu1214;2023-07-17 11:32:06;
hu1209;2023-07-17 11:37:37;
hu1219;2023-07-17 11:46:02;
hu1216;2023-07-17 11:48:11;
hu1224;2023-07-17 11:56:16;
hu1223;2023-07-17 13:56:48;
hu1229;2023-07-17 14:59:08;
hu1227;2023-07-17 16:01:18;
hu1196;2023-07-17 16:05:21;
hu1217;2023-07-17 16:18:58;
hu1221;2023-07-17 16:25:19;
hu1232;2023-07-17 16:32:27;
hu1237;2023-07-17 16:46:28;
hu1235;2023-07-17 16:55:37;
hu1238;2023-07-17 18:15:08;
hu1208;2023-07-18 07:23:07;
hu1233;2023-07-18 07:29:34;
hu1220;2023-07-18 07:32:32;
hu1228;2023-07-18 07:34:37;
hu1212;2023-07-18 07:45:24;
hu1222;2023-07-18 07:54:30;
hu1236;2023-07-18 07:56:43;
hu1225;2023-07-18 07:58:59;
hu1202;2023-07-18 09:13:00;
hu1230;2023-07-18 09:14:25;
hu1234;2023-07-18 09:17:38;
hu1218;2023-07-18 09:20:10;
hu1239;2023-07-18 09:31:17;
hu1226;2023-07-18 09:35:52;
hu1243;2023-07-18 09:39:29;
hu1241;2023-07-18 09:44:24;
hu1247;2023-07-18 09:46:56;
hu1253;2023-07-18 09:49:41;
hu1231;2023-07-18 09:58:12;
hu1254;2023-07-18 09:59:29;
hu1245;2023-07-18 11:02:45;
hu1249;2023-07-18 11:06:14;
hu1256;2023-07-18 11:11:40;
hu1244;2023-07-18 11:12:36;
hu1250;2023-07-18 11:20:22;
hu1260;2023-07-18 11:21:34;
hu1215;2023-07-18 11:27:04;
hu1252;2023-07-18 11:28:41;
hu1261;2023-07-18 11:33:18;
hu1246;2023-07-18 11:40:43;
hu1248;2023-07-18 11:41:47;
hu1240;2023-07-18 11:47:41;
hu1266;2023-07-18 11:51:11;
hu1267;2023-07-18 11:54:25;
hu1262;2023-07-18 11:59:29;
hu1258;2023-07-18 14:05:04;
hu1263;2023-07-18 14:07:55;
hu1264;2023-07-18 14:08:50;
hu1259;2023-07-18 14:13:42;
hu1251;2023-07-18 14:18:46;
hu1242;2023-07-18 14:24:28;
hu1257;2023-07-18 14:31:06;
hu1255;2023-07-18 14:32:02;
hu1265;2023-07-18 14:32:51;
hu1273;2023-07-18 15:57:48;
hu1286;2023-07-18 17:01:15;
hu1275;2023-07-18 17:32:20;
hu1279;2023-07-18 17:35:00;
hu1285;2023-07-18 17:57:08;
hu1281;2023-07-19 08:04:32;
hu1274;2023-07-19 08:07:32;
hu1284;2023-07-19 08:13:51;
hu1290;2023-07-19 08:15:38;
hu1287;2023-07-19 08:21:46;
hu1282;2023-07-19 08:24:04;
hu1280;2023-07-19 08:31:52;
hu1276;2023-07-19 08:38:02;
hu1277;2023-07-19 08:59:26;
hu1289;2023-07-19 10:00:22;
hu1272;2023-07-19 10:01:14;
hu1288;2023-07-19 10:08:24;
hu1283;2023-07-19 10:14:32;
hu1278;2023-07-19 10:15:29;
hu1269;2023-07-19 10:16:46;
hu1268;2023-07-19 10:20:59;
hu1271;2023-07-19 10:25:09;
hu1270;2023-07-19 10:27:19;
hu1295;2023-07-19 21:18:01;
hu1310;2023-07-20 07:21:10;
hu1314;2023-07-20 07:27:35;
hu1291;2023-07-20 07:33:00;
hu1307;2023-07-20 07:36:27;
hu1311;2023-07-20 07:56:59;
hu1302;2023-07-20 09:14:07;
hu1292;2023-07-20 09:19:34;
hu1303;2023-07-20 09:22:40;
hu1296;2023-07-20 09:24:05;
hu1312;2023-07-20 09:28:06;
hu1304;2023-07-20 09:29:27;
hu1298;2023-07-20 09:35:54;
hu1305;2023-07-20 09:39:18;
hu1299;2023-07-20 09:45:07;
hu1301;2023-07-20 09:49:17;
hu1300;2023-07-20 09:51:53;
hu1306;2023-07-20 09:57:46;
hu1308;2023-07-20 11:02:35;
hu1294;2023-07-20 11:04:25;
hu1297;2023-07-20 11:06:22;
hu1313;2023-07-20 11:07:28;
hu1293;2023-07-20 11:11:25;
hu1309;2023-07-20 11:16:25;
hu1320;2023-07-20 14:23:51;
hu1319;2023-07-20 14:25:59;
hu1317;2023-07-20 14:37:01;
hu1316;2023-07-20 14:42:01;
hu1315;2023-07-20 14:49:51;
hu1318;2023-07-20 14:55:37;
hu1324;2023-07-20 19:16:39;
hu1323;2023-07-21 07:28:25;
hu1325;2023-07-21 07:37:37;
hu1321;2023-07-21 07:47:37;
hu1322;2023-07-21 07:56:11;
hu1330;2023-07-21 09:00:11;
hu1329;2023-07-21 09:03:07;
hu1328;2023-07-21 09:10:16;
hu1327;2023-07-21 09:13:13;
hu1326;2023-07-21 09:18:33;
hu1332;2023-07-21 09:20:12;
hu1331;2023-07-21 09:21:45;
hu1333;2023-07-21 14:40:13;
hu1335;2023-07-21 14:41:39;
hu1336;2023-07-21 14:45:46;
hu1338;2023-07-21 14:51:50;
hu1334;2023-07-21 14:55:30;
hu1337;2023-07-21 14:58:26;
hu1341;2023-07-21 16:51:24;
hu1342;2023-07-21 16:54:45;
hu1343;2023-07-21 17:55:06;
hu1339;2023-07-21 19:18:38;
hu1357;2023-07-24 07:24:24;
hu1358;2023-07-24 07:36:53;
hu1348;2023-07-24 07:53:48;
hu1354;2023-07-24 07:58:32;
hu1349;2023-07-24 09:00:15;
hu1356;2023-07-24 09:01:12;
hu1347;2023-07-24 09:04:02;
hu1352;2023-07-24 09:05:53;
hu1359;2023-07-24 09:08:05;
hu1344;2023-07-24 09:10:19;
hu1355;2023-07-24 09:14:20;
hu1353;2023-07-24 09:20:13;
hu1346;2023-07-24 09:22:39;
hu1340;2023-07-24 09:25:21;
hu1350;2023-07-24 09:32:52;
hu1351;2023-07-24 09:34:10;
hu1345;2023-07-24 09:35:18;
hu1362;2023-07-24 10:26:09;
hu1363;2023-07-24 10:31:10;
hu1365;2023-07-24 10:39:14;
hu1360;2023-07-24 10:40:12;
hu1369;2023-07-24 10:41:40;
hu1367;2023-07-24 10:43:53;
hu1368;2023-07-24 10:46:55;
hu1375;2023-07-24 10:52:57;
hu1366;2023-07-24 10:57:08;
hu1370;2023-07-24 12:01:19;
hu1364;2023-07-24 13:06:11;
hu1361;2023-07-24 13:12:26;
hu1381;2023-07-24 13:14:49;
hu1378;2023-07-24 13:19:33;
hu1384;2023-07-24 13:25:56;
hu1374;2023-07-24 13:32:08;
hu1383;2023-07-24 13:41:22;
hu1371;2023-07-24 13:53:24;
hu1389;2023-07-24 13:58:21;
hu1376;2023-07-24 15:06:10;
hu1393;2023-07-24 15:08:28;
hu1392;2023-07-24 15:11:54;
hu1394;2023-07-24 15:12:57;
hu1388;2023-07-24 15:19:01;
hu1382;2023-07-24 15:24:34;
hu1387;2023-07-24 15:27:19;
hu1379;2023-07-24 15:32:06;
hu1386;2023-07-24 15:35:57;
hu1390;2023-07-24 15:41:00;
hu1372;2023-07-24 15:42:00;
hu1373;2023-07-24 15:44:00;
hu1391;2023-07-24 15:46:34;
hu1385;2023-07-24 15:49:03;
hu1380;2023-07-24 15:50:19;
hu1395;2023-07-24 15:53:47;
hu1377;2023-07-24 15:59:56;
hu1397;2023-07-24 18:22:15;
hu1396;2023-07-24 18:38:15;
hu1400;2023-07-25 07:49:31;
hu1399;2023-07-25 07:51:52;
hu1401;2023-07-25 07:54:11;
hu1398;2023-07-25 09:10:38;
hu1402;2023-07-25 10:57:49;
hu1406;2023-07-25 12:00:50;
hu1412;2023-07-25 13:08:03;
hu1403;2023-07-25 13:11:20;
hu1407;2023-07-25 13:14:07;
hu1410;2023-07-25 13:15:44;
hu1409;2023-07-25 13:17:34;
hu1405;2023-07-25 13:19:19;
hu1411;2023-07-25 13:23:03;
hu1404;2023-07-25 13:25:34;
hu1408;2023-07-25 13:28:17;
hu1413;2023-07-25 13:52:33;
hu1415;2023-07-25 13:59:47;
hu1414;2023-07-25 15:03:31;
hu1416;2023-07-25 15:07:12;
hu1417;2023-07-25 16:36:32;
hu1422;2023-07-25 16:37:40;
hu1421;2023-07-25 16:47:11;
hu1420;2023-07-25 16:53:41;
hu1418;2023-07-25 16:55:47;
hu1419;2023-07-25 16:59:02;
hu1424;2023-07-25 18:01:21;
hu1423;2023-07-25 18:14:28;
hu1425;2023-07-25 18:43:08;
hu1426;2023-07-26 07:47:09;
hu1430;2023-07-26 08:48:53;
hu1431;2023-07-26 09:49:09;
hu1427;2023-07-26 09:50:51;
hu1428;2023-07-26 09:53:16;
hu1429;2023-07-26 09:55:23;
hu1433;2023-07-26 16:16:46;
hu1439;2023-07-26 16:22:14;
hu1437;2023-07-26 16:25:31;
hu1438;2023-07-26 16:28:06;
hu1432;2023-07-26 16:31:29;
hu1436;2023-07-26 16:36:04;
hu1435;2023-07-26 16:38:40;
hu1434;2023-07-26 16:50:58;
hu1441;2023-07-26 18:01:28;
hu1440;2023-07-26 18:35:21;
hu1444;2023-07-27 07:35:39;
hu1447;2023-07-27 07:51:25;
hu1443;2023-07-27 07:52:55;
hu1453;2023-07-27 08:59:19;
hu1448;2023-07-27 10:00:21;
hu1442;2023-07-27 10:02:10;
hu1451;2023-07-27 10:02:59;
hu1452;2023-07-27 10:03:49;
hu1445;2023-07-27 10:04:50;
hu1449;2023-07-27 10:09:54;
hu1446;2023-07-27 10:18:42;
hu1450;2023-07-27 10:20:31;
hu1456;2023-07-27 17:32:51;
hu1458;2023-07-27 17:39:59;
hu1459;2023-07-27 17:54:11;
hu1460;2023-07-28 07:57:33;
hu1457;2023-07-28 09:03:00;
hu1462;2023-07-28 09:04:02;
hu1455;2023-07-28 09:07:40;
hu1454;2023-07-28 09:16:18;
hu1464;2023-07-28 09:25:00;
hu1461;2023-07-28 09:36:22;
hu1470;2023-07-28 09:44:31;
hu1469;2023-07-28 09:53:27;
hu1468;2023-07-28 09:58:03;
hu1467;2023-07-28 11:02:16;
hu1466;2023-07-28 11:03:24;
hu1463;2023-07-28 11:14:41;
hu1465;2023-07-28 11:18:02;
hu1473;2023-07-28 11:41:50;
hu1472;2023-07-28 11:45:25;
hu1471;2023-07-28 11:47:39;
hu1475;2023-07-28 12:09:53;
hu1477;2023-07-28 13:21:11;
hu1476;2023-07-28 13:33:13;
hu1479;2023-07-28 13:35:30;
hu1474;2023-07-28 13:38:49;
hu1478;2023-07-28 13:44:22;
hu1484;2023-07-28 20:10:51;
hu1488;2023-07-31 07:24:52;
hu1499;2023-07-31 07:48:14;
hu1506;2023-07-31 07:59:18;
hu1508;2023-07-31 09:03:45;
hu1490;2023-07-31 09:04:53;
hu1482;2023-07-31 09:06:51;
hu1492;2023-07-31 09:09:09;
hu1510;2023-07-31 09:11:46;
hu1512;2023-07-31 09:22:57;
hu1504;2023-07-31 09:26:15;
hu1507;2023-07-31 09:35:17;
hu1494;2023-07-31 09:45:43;
hu1485;2023-07-31 09:48:29;
hu1495;2023-07-31 09:50:51;
hu1502;2023-07-31 09:54:37;
hu1500;2023-07-31 09:57:27;
hu1505;2023-07-31 10:58:56;
hu1511;2023-07-31 12:04:58;
hu1498;2023-07-31 13:06:29;
hu1501;2023-07-31 13:13:09;
hu1481;2023-07-31 13:15:41;
hu1493;2023-07-31 13:17:37;
hu1509;2023-07-31 13:19:41;
hu1497;2023-07-31 13:23:23;
hu1503;2023-07-31 13:31:10;
hu1483;2023-07-31 13:35:31;
hu1480;2023-07-31 13:37:23;
hu1487;2023-07-31 13:45:04;
hu1516;2023-07-31 13:56:29;
hu1515;2023-07-31 15:03:21;
hu1489;2023-07-31 15:11:03;
hu1517;2023-07-31 15:18:06;
hu1513;2023-07-31 15:28:36;
hu1486;2023-07-31 15:32:46;
hu1491;2023-07-31 15:42:58;
hu1496;2023-07-31 15:48:14;
hu1518;2023-07-31 15:49:11;
hu1514;2023-07-31 16:51:01;
hu1519;2023-07-31 16:52:05;
hu1521;2023-07-31 16:57:31;
hu1522;2023-07-31 16:59:18;
hu1527;2023-07-31 18:02:36;
hu1529;2023-07-31 18:58:39;
hu1548;2023-08-01 08:10:12;
hu1520;2023-08-01 08:25:40;
hu1533;2023-08-01 08:37:25;
hu1549;2023-08-01 08:43:23;
hu1530;2023-08-01 09:46:42;
hu1523;2023-08-01 09:56:14;
hu1538;2023-08-01 10:58:48;
hu1542;2023-08-01 12:00:04;
hu1545;2023-08-01 13:08:03;
hu1531;2023-08-01 13:10:46;
hu1526;2023-08-01 13:14:08;
hu1537;2023-08-01 13:21:20;
hu1540;2023-08-01 13:26:31;
hu1534;2023-08-01 13:40:45;
hu1539;2023-08-01 13:56:27;
hu1546;2023-08-01 14:57:39;
hu1544;2023-08-01 14:58:43;
hu1536;2023-08-01 15:58:45;
hu1525;2023-08-01 17:05:03;
hu1547;2023-08-01 17:31:35;
hu1528;2023-08-01 17:56:44;
hu1554;2023-08-01 19:29:07;
hu1541;2023-08-02 07:39:32;
hu1551;2023-08-02 07:47:09;
hu1524;2023-08-02 07:56:05;
hu1552;2023-08-02 09:10:30;
hu1556;2023-08-02 09:14:44;
hu1532;2023-08-02 09:17:14;
hu1559;2023-08-02 09:18:53;
hu1550;2023-08-02 09:21:01;
hu1535;2023-08-02 09:26:22;
hu1557;2023-08-02 09:34:50;
hu1561;2023-08-02 09:39:30;
hu1564;2023-08-02 09:44:37;
hu1563;2023-08-02 09:47:22;
hu1558;2023-08-02 09:53:25;
hu1568;2023-08-02 10:53:55;
hu1567;2023-08-02 12:00:38;
hu1569;2023-08-02 13:02:18;
hu1577;2023-08-02 13:08:10;
hu1573;2023-08-02 13:15:19;
hu1575;2023-08-02 13:17:22;
hu1570;2023-08-02 13:24:00;
hu1572;2023-08-02 13:26:28;
hu1576;2023-08-02 13:32:51;
hu1560;2023-08-02 13:34:11;
hu1574;2023-08-02 13:37:37;
hu1555;2023-08-02 13:39:39;
hu1553;2023-08-02 13:53:45;
hu1566;2023-08-02 13:55:26;
hu1562;2023-08-02 13:57:35;
hu1571;2023-08-02 15:01:24;
hu1580;2023-08-02 15:02:47;
hu1584;2023-08-02 15:03:58;
hu1578;2023-08-02 15:06:13;
hu1579;2023-08-02 15:09:01;
hu1585;2023-08-02 15:10:49;
hu1581;2023-08-02 15:13:17;
hu1583;2023-08-02 15:21:26;
hu1582;2023-08-02 15:32:44;
hu1591;2023-08-02 15:47:18;
hu1587;2023-08-02 15:56:55;
hu1565;2023-08-02 17:00:54;
hu1592;2023-08-02 17:07:35;
hu1590;2023-08-02 17:29:51;
hu1597;2023-08-02 17:38:23;
hu1596;2023-08-02 19:33:30;
hu1588;2023-08-03 07:40:59;
hu1589;2023-08-03 07:45:53;
hu1586;2023-08-03 08:58:08;
hu1595;2023-08-03 10:01:14;
hu1593;2023-08-03 10:02:43;
hu1594;2023-08-03 10:05:01;
hu1600;2023-08-03 10:09:04;
hu1601;2023-08-03 10:13:13;
hu1543;2023-08-03 10:23:00;
hu1598;2023-08-03 10:24:50;
hu1599;2023-08-03 10:27:50;
hu1602;2023-08-03 17:57:13;
hu1603;2023-08-03 19:19:19;
hu1604;2023-08-04 07:49:35;
hu1608;2023-08-04 07:53:58;
hu1609;2023-08-04 09:06:00;
hu1607;2023-08-04 09:20:12;
hu1605;2023-08-04 09:33:25;
hu1606;2023-08-04 09:43:59;
hu1611;2023-08-04 10:48:19;
hu1610;2023-08-04 10:54:03;
hu1617;2023-08-04 13:07:36;
hu1613;2023-08-04 13:26:52;
hu1612;2023-08-04 13:29:42;
hu1614;2023-08-04 13:44:03;
hu1615;2023-08-04 13:50:09;
hu1616;2023-08-04 14:53:24;
hu1620;2023-08-04 14:59:06;
hu1623;2023-08-04 16:06:16;
hu1618;2023-08-04 16:20:28;
hu1622;2023-08-04 16:38:53;
hu1619;2023-08-04 16:43:25;
hu1621;2023-08-04 18:04:25;
hu1625;2023-08-04 21:37:49;
hu1635;2023-08-07 08:00:38;
hu1639;2023-08-07 08:06:45;
hu1641;2023-08-07 08:19:41;
hu1637;2023-08-07 08:27:47;
hu1638;2023-08-07 08:38:08;
hu1626;2023-08-07 09:40:58;
hu1627;2023-08-07 09:43:26;
hu1624;2023-08-07 09:56:22;
hu1647;2023-08-07 09:59:41;
hu1633;2023-08-07 11:02:35;
hu1655;2023-08-07 11:05:11;
hu1630;2023-08-07 11:12:40;
hu1640;2023-08-07 11:17:13;
hu1643;2023-08-07 11:26:55;
hu1644;2023-08-07 11:30:52;
hu1631;2023-08-07 11:36:11;
hu1629;2023-08-07 11:38:04;
hu1656;2023-08-07 11:41:25;
hu1649;2023-08-07 11:43:17;
hu1634;2023-08-07 11:51:06;
hu1648;2023-08-07 13:53:56;
hu1652;2023-08-07 14:58:21;
hu1653;2023-08-07 16:02:11;
hu1650;2023-08-07 16:12:29;
hu1646;2023-08-07 16:19:58;
hu1636;2023-08-07 16:23:45;
hu1651;2023-08-07 16:26:50;
hu1632;2023-08-07 16:29:06;
hu1628;2023-08-07 16:46:54;
hu1654;2023-08-07 16:55:39;
hu1645;2023-08-07 18:23:29;
hu1660;2023-08-07 18:50:37;
hu1659;2023-08-08 07:51:12;
hu1657;2023-08-08 07:57:08;
hu1658;2023-08-08 07:59:10;
hu1671;2023-08-08 09:16:21;
hu1662;2023-08-08 09:22:37;
hu1666;2023-08-08 09:26:50;
hu1673;2023-08-08 09:28:07;
hu1674;2023-08-08 09:29:40;
hu1642;2023-08-08 09:35:25;
hu1663;2023-08-08 09:41:37;
hu1668;2023-08-08 09:52:00;
hu1667;2023-08-08 10:53:29;
hu1681;2023-08-08 10:59:12;
hu1687;2023-08-08 12:09:28;
hu1670;2023-08-08 13:12:53;
hu1661;2023-08-08 13:32:21;
hu1686;2023-08-08 13:42:38;
hu1679;2023-08-08 13:56:51;
hu1672;2023-08-08 13:58:39;
hu1685;2023-08-08 15:08:31;
hu1684;2023-08-08 15:18:38;
hu1690;2023-08-08 15:23:04;
hu1680;2023-08-08 15:27:18;
hu1665;2023-08-08 15:28:52;
hu1688;2023-08-08 15:32:32;
hu1664;2023-08-08 15:35:16;
hu1676;2023-08-08 15:39:25;
hu1682;2023-08-08 15:45:53;
hu1675;2023-08-08 15:56:04;
hu1669;2023-08-08 16:56:08;
hu1691;2023-08-08 18:11:50;
hu1692;2023-08-09 07:23:26;
hu1697;2023-08-09 07:44:23;
hu1698;2023-08-09 08:48:15;
hu1677;2023-08-09 08:55:43;
hu1693;2023-08-09 09:59:54;
hu1696;2023-08-09 11:06:38;
hu1683;2023-08-09 11:11:01;
hu1706;2023-08-09 11:17:05;
hu1699;2023-08-09 11:19:22;
hu1701;2023-08-09 11:22:56;
hu1705;2023-08-09 11:30:34;
hu1694;2023-08-09 11:37:55;
hu1689;2023-08-09 11:40:19;
hu1702;2023-08-09 11:45:51;
hu1709;2023-08-09 11:48:14;
hu1707;2023-08-09 11:50:19;
hu1710;2023-08-09 11:55:05;
hu1703;2023-08-09 11:57:03;
hu1712;2023-08-09 14:08:27;
hu1716;2023-08-09 14:12:04;
hu1708;2023-08-09 14:25:38;
hu1714;2023-08-09 14:28:43;
hu1717;2023-08-09 14:30:27;
hu1678;2023-08-09 14:31:31;
hu1700;2023-08-09 14:38:47;
hu1704;2023-08-09 14:39:55;
hu1713;2023-08-09 14:45:24;
hu1711;2023-08-09 14:47:25;
hu1715;2023-08-09 14:53:06;
hu1695;2023-08-09 15:53:10;
hu1718;2023-08-09 16:57:55;
hu1723;2023-08-09 18:14:11;
hu1731;2023-08-10 07:19:29;
hu1734;2023-08-10 07:22:01;
hu1729;2023-08-10 07:31:26;
hu1726;2023-08-10 07:37:35;
hu1725;2023-08-10 07:43:35;
hu1730;2023-08-10 07:45:55;
hu1719;2023-08-10 07:50:49;
hu1741;2023-08-10 08:52:08;
hu1740;2023-08-10 08:58:05;
hu1720;2023-08-10 09:58:13;
hu1743;2023-08-10 11:01:42;
hu1738;2023-08-10 11:11:34;
hu1727;2023-08-10 11:19:36;
hu1746;2023-08-10 11:26:22;
hu1736;2023-08-10 11:30:09;
hu1735;2023-08-10 11:32:27;
hu1722;2023-08-10 11:35:15;
hu1753;2023-08-10 11:47:58;
hu1721;2023-08-10 11:55:50;
hu1750;2023-08-10 11:58:26;
hu1754;2023-08-10 14:05:30;
hu1752;2023-08-10 14:07:12;
hu1739;2023-08-10 14:10:31;
hu1737;2023-08-10 14:12:01;
hu1732;2023-08-10 14:16:01;
hu1724;2023-08-10 14:19:48;
hu1749;2023-08-10 14:28:22;
hu1751;2023-08-10 14:33:36;
hu1733;2023-08-10 14:38:54;
hu1728;2023-08-10 14:50:55;
hu1748;2023-08-10 14:52:25;
hu1747;2023-08-10 14:59:17;
hu1744;2023-08-10 16:00:28;
hu1742;2023-08-10 16:06:47;
hu1745;2023-08-10 16:22:07;
hu1759;2023-08-10 17:06:48;
hu1755;2023-08-10 17:24:38;
hu1758;2023-08-10 17:34:51;
hu1760;2023-08-10 17:51:30;
hu1756;2023-08-10 19:01:09;
hu1757;2023-08-11 07:22:59;
hu1766;2023-08-11 08:44:01;
hu1764;2023-08-11 09:45:46;
hu1763;2023-08-11 09:47:38;
hu1762;2023-08-11 09:54:12;
hu1765;2023-08-11 10:55:37;
hu1761;2023-08-11 11:56:10;
hu1770;2023-08-12 01:42:41;
hu1795;2023-08-14 08:00:07;
hu1785;2023-08-14 08:16:22;
hu1791;2023-08-14 08:37:30;
hu1783;2023-08-14 08:47:22;
hu1789;2023-08-14 08:51:04;
hu1779;2023-08-14 09:53:05;
hu1778;2023-08-14 11:02:53;
hu1781;2023-08-14 11:15:19;
hu1793;2023-08-14 11:18:59;
hu1786;2023-08-14 11:20:35;
hu1780;2023-08-14 11:34:25;
hu1792;2023-08-14 11:41:21;
hu1771;2023-08-14 11:45:54;
hu1769;2023-08-14 13:47:03;
hu1777;2023-08-14 13:51:16;
hu1773;2023-08-14 13:53:48;
hu1787;2023-08-14 13:56:12;
hu1784;2023-08-14 14:57:59;
hu1767;2023-08-14 16:07:16;
hu1774;2023-08-14 16:19:37;
hu1788;2023-08-14 16:30:50;
hu1801;2023-08-14 16:37:41;
hu1797;2023-08-14 16:45:45;
hu1796;2023-08-14 16:54:55;
hu1775;2023-08-14 18:23:49;
hu1799;2023-08-14 18:54:37;
hu1800;2023-08-15 08:17:39;
hu1768;2023-08-15 08:31:39;
hu1776;2023-08-15 08:44:44;
hu1790;2023-08-15 08:49:06;
hu1794;2023-08-15 08:52:38;
hu1798;2023-08-15 08:54:40;
hu1782;2023-08-15 08:59:30;
hu1806;2023-08-15 10:05:59;
hu1804;2023-08-15 10:16:38;
hu1805;2023-08-15 10:20:55;
hu1803;2023-08-15 10:22:35;
hu1802;2023-08-15 10:27:15;
hu1807;2023-08-15 10:31:18;
hu1772;2023-08-15 10:33:55;
hu1809;2023-08-15 11:09:56;
hu1811;2023-08-15 11:13:30;
hu1808;2023-08-15 11:15:17;
hu1810;2023-08-15 11:21:58;
hu1816;2023-08-16 14:25:54;
hu1815;2023-08-16 14:33:22;
hu1812;2023-08-16 14:46:53;
hu1814;2023-08-16 14:49:20;
hu1813;2023-08-16 14:58:31;
hu1822;2023-08-17 07:29:14;
hu1819;2023-08-17 07:32:55;
hu1818;2023-08-17 07:50:11;
hu1817;2023-08-17 07:55:16;
hu1820;2023-08-17 09:19:56;
hu1821;2023-08-17 09:21:51;
hu1825;2023-08-23 12:30:22;
hu1824;2023-08-23 13:42:22;
hu1826;2023-08-23 13:53:33;
hu1828;2023-08-23 14:56:02;
hu1823;2023-08-23 14:59:07;
hu1827;2023-08-23 16:00:14;
